sample_id,quote_id,quote_text
top1984:2718,q00172,"As Seward did not understand the reference, he did not ask for an explanation. In any case, he had a constitutional dislike of being told things that he did not know, as opposed to ferreting them out."
top1984:2718,q00173,"Seward appreciated the honest and open way that Stanton lied; it was the hallmark of the truly great lawyer, and demonstrated a professional mastery not unlike his own."
top1984:2718,q00174,"Seward felt an involuntary shudder in his limbs. He was also ravished by the irony of the moment. For nearly three years, a thousand voices, including his own, had called for a Cromwell, a dictator, a despot; and in all that time, no one had suspected that there had been, from the beginning, a single-minded dictator in the White House, a Lord Protector of the Union by whose will alone the war had been prosecuted. For the first time, Seward understood the nature of Lincoln's political genius. He had been able to make himself absolute dictator without ever letting anyone suspect that he was anything more than a joking, timid backwoods lawyer, given to fits of humility in the presence of all the strutting military and political peacocks that flocked about him."
top1984:2718,q00175,"He was, as soldier and man, all of a piece,"
top1984:2718,q00176,"Now you may not know this”—Lincoln shut his eyes—“but when I first ran for the Illinois legislature, I came out, more or less, for female suffrage; not exactly the most popular position to take back then, and in that part of the world.” “It is still not the most popular issue anywhere in the world, thank God.” “Well, Mrs. Frémont comes to see me late at night—right off the cars from the West—and threatens me to my face with an uprising against the government, led by the Frémonts and their radical friends. So I called her, in the nicest way, I thought, ‘Quite a lady politician,’ and she was madder than a wet hen and went and told everyone that I’d threatened her!” Lincoln sighed. “Is it possible that female suffrage may not be the answer to every human problem?"
top1984:2718,q00177,"It is my task always to know, particularly when I don’t."
top1984:2718,q00178,"I realize,” said Sumner, “that the press is hardly reliable.” Lincoln turned from the window; suddenly, he grinned. “Oh, yes, they are. They lie. And then they re-lie. So they are nothing if not re-lie-able."
top1984:2718,q00179,"In politics, as in love, opposites attract, and the misunderstandings that ensue tend to be as bitter and, as in love, as equally terminal."
top1984:2718,q00180,"Mrs. Grant was the wife of a hero—a butcher-hero, of course, but still a hero to the stupid public."
top1984:2718,q00181,"Particularly in the military. According to General Scott, our best army officer is a Virginian named Lee.” “The man who caught John Brown?” “The same. Old Mr. Blair is a great friend of his. On Thursday, when Mr. Blair offered Colonel Lee the command of our army, Lee said that although he believes secession is wrong, and slavery worse, he can be no party to an invasion of his native state. I don’t understand Southerners, do you, Mr. Cooke?” “I can’t say I ever tried."
top1984:2718,q00182,"Seward wondered what precedents there were for the disposal of a mad president. Like so many other interesting matters, the Constitution had left the question unduly vague."
top1984:2718,q00183,Poets were intended to live to the full the life of the senses.
top1984:2718,q00184,"You know what Mr. Bates called me?” Seward shook his head with wonder. “An unprincipled liar. And here I am one of the most heavily principled men in politics.” Lincoln chuckled. In every way, making allowances for regional differences, Seward’s humor was not unlike his own. “And since you’re a smart man, Governor, you never actually lie. Smart men never have to."
top1984:2718,q00185,"helped the boy-governor eat the remains of the fruit, they discussed how it was that newspapers sometimes knew all sorts of secrets that they ought not to have known—and certainly ought not to publish, when the rest of the time they had no interest in facts at all. “Whatever sounds as if it might suit the prejudices of the reader, that is what will be published,” said Chase."
top1984:2718,q00186,"Stanton was for shooting everyone. Lincoln was for sparing anyone where there might be an extenuating circumstance. “After all, if you take a coward and put him in front of a firing squad, you’ll scare him to death anyway."
top1984:2718,q00187,"Lincoln motioned for Hay to join him in the President’s office. It was Hay’s self-appointed task to keep Lincoln moving when he tarried too long with visitors. Hay could never understand Lincoln’s endless patience with even the most audacious of bores or boors. “They get so little, most of them,” Lincoln would say, as if in explanation of the time wasted."
top1984:2718,q00188,"I believe that I can raise four hundred million dollars to recompense the slave-owners. I have considerable unofficial support for this, from persons whose names would astonish you.” “If this were to happen,” said Hunter, “if the slaves were all paid for and set free, how would they live? They have always been accustomed to an overseer. They are used to working only under compulsion. Now you take away this direction, and no work at all would be done. Nothing would be cultivated, and both blacks and whites would starve."
top1984:2718,q00189,"man. I would myself prefer that it were now conferred on the very intelligent and those who serve our cause as soldiers.” John Wilkes Booth and Lewis Payne were standing beneath a street lamp at the edge of the Presidential Park. “My God! He will let the niggers vote!” Booth was horrified. Then he whispered in Payne’s ear. “Shoot him now.” Payne shook his head. “Not now, Captain. It’s too risky. And he’s too far away. Later …"
top1984:2718,q00190,"people in the South who can do the work that the slaves did?” “All the more reason,” said Lincoln, reasonably, “to reimburse the slave-owners."
top1984:2718,q00191,"You still want to do that?” Washburne was amazed. Since the rebels had held on to the very end, he saw no reason to do anything at all for them. “Yes. I think it only just. It will also be a quick way of getting money into the South for reconstruction.” Lincoln sighed. “Then we’ll need money to colonize as many Negroes as we can in Central America.” Washburne shook his head with wonder. “When you get hold of an idea you don’t ever let it go, do you?” “Not until I find a better one. Can you imagine what life in the South will be like if the Negroes stay?"
top1984:2718,q00192,"claims to abominate slavery and to regard secession as treason.” “He will fight very well, sir,” said General Scott, gloomily. “It is a matter of honor.” “I see,” said Lincoln, who plainly did not,"
top1984:2718,q00193,"We disagree, perhaps, about the urgent need to abolish slavery,” said Chase mildly. “You would go to war for that?” “If it was necessary, yes.” “Wouldn’t you rather go to war against Spain, and acquire Cuba? Against the French, and acquire Mexico?” “I would rather acquire Charleston.” “But we would have outflanked the cotton states.” Seward was persuasive; and elaborate. Chase listened, carefully. The concept was ingenious. The famed two birds that it was always his dream with one stone to kill might, at last, be snared. “Let us say,” said Chase, when Seward had finished with his design for empire, “that I am open to the idea in general. But in particular"
top1984:2718,q00194,"I think, sir, that a war, in the name of the Monroe Doctrine, will unite them to us."
top1984:2718,q00195,with Lincoln and speak openly of the dangers of a presidency that
top1984:2718,q00196,gave Mr. Davis belladonna to stop the pain—
top1984:2718,q00197,"Scott paused. Lincoln slowly straightened up. “Well, I guess we’d better persuade Virginia and Maryland to stay in the Union a while longer.” Seward gave an audible sigh of relief. This was the Lincoln that he had been inventing for himself ever since the election: the cautious vacillator—a Western Jesuit, in fact."
top1984:2718,q00198,"And all because of those crazy preachers in the North who want to free our darkies, who"
top1984:2718,q00199,"Actually, the law can be approached as if it were a kind of garden,” said Seward. “You must recall where and when you plant each seed …"
